-- phpMyAdmin SQL Dump
-- version 5.2.1
-- https://www.phpmyadmin.net/
--
-- Host: localhost
-- Generation Time: Jan 12, 2025 at 04:58 PM
-- Server version: 10.4.28-MariaDB
-- PHP Version: 8.2.4

SET SQL_MODE = "NO_AUTO_VALUE_ON_ZERO";
START TRANSACTION;
SET time_zone = "+00:00";


/*!40101 SET @OLD_CHARACTER_SET_CLIENT=@@CHARACTER_SET_CLIENT */;
/*!40101 SET @OLD_CHARACTER_SET_RESULTS=@@CHARACTER_SET_RESULTS */;
/*!40101 SET @OLD_COLLATION_CONNECTION=@@COLLATION_CONNECTION */;
/*!40101 SET NAMES utf8mb4 */;

--
-- Database: `projexpert`
--

--
-- Dumping data for table `Permissions`
--

INSERT INTO `Permissions` (`id`, `name`, `description`, `resource`, `action`, `createdAt`, `updatedAt`) VALUES
(1, 'update_users', 'Update user information', NULL, NULL, '2025-01-12 08:53:02', '2025-01-12 08:53:02'),
(2, 'create_users', 'Create new users', NULL, NULL, '2025-01-12 08:53:02', '2025-01-12 08:53:02'),
(3, 'delete_users', 'Delete users from the system', NULL, NULL, '2025-01-12 08:53:02', '2025-01-12 08:53:02'),
(4, 'view_users', 'View user profiles and details', NULL, NULL, '2025-01-12 08:53:02', '2025-01-12 08:53:02'),
(5, 'create_projects', 'Create new projects', NULL, NULL, '2025-01-12 08:53:02', '2025-01-12 08:53:02'),
(6, 'delete_projects', 'Delete projects', NULL, NULL, '2025-01-12 08:53:02', '2025-01-12 08:53:02'),
(7, 'update_projects', 'Update project details', NULL, NULL, '2025-01-12 08:53:02', '2025-01-12 08:53:02'),
(8, 'view_projects', 'View project details', NULL, NULL, '2025-01-12 08:53:02', '2025-01-12 08:53:02'),
(9, 'delete_teams', 'Delete teams', NULL, NULL, '2025-01-12 08:53:02', '2025-01-12 08:53:02'),
(10, 'update_teams', 'Update team details', NULL, NULL, '2025-01-12 08:53:02', '2025-01-12 08:53:02'),
(11, 'view_teams', 'View team details', NULL, NULL, '2025-01-12 08:53:02', '2025-01-12 08:53:02'),
(12, 'create_teams', 'Create new teams', NULL, NULL, '2025-01-12 08:53:02', '2025-01-12 08:53:02'),
(13, 'assign_project_teams', 'Assign teams to projects', NULL, NULL, '2025-01-12 08:53:02', '2025-01-12 08:53:02'),
(14, 'add_team_members', 'Add members to teams', NULL, NULL, '2025-01-12 08:53:02', '2025-01-12 08:53:02'),
(15, 'create_tasks', 'Create new tasks', NULL, NULL, '2025-01-12 08:53:02', '2025-01-12 08:53:02'),
(16, 'update_tasks', 'Update task details', NULL, NULL, '2025-01-12 08:53:02', '2025-01-12 08:53:02'),
(17, 'remove_team_members', 'Remove members from teams', NULL, NULL, '2025-01-12 08:53:02', '2025-01-12 08:53:02'),
(18, 'delete_tasks', 'Delete tasks', NULL, NULL, '2025-01-12 08:53:02', '2025-01-12 08:53:02'),
(19, 'view_tasks', 'View task details', NULL, NULL, '2025-01-12 08:53:02', '2025-01-12 08:53:02'),
(20, 'update_bugs', 'Update bug details', NULL, NULL, '2025-01-12 08:53:02', '2025-01-12 08:53:02'),
(21, 'assign_tasks', 'Assign tasks to users', NULL, NULL, '2025-01-12 08:53:02', '2025-01-12 08:53:02'),
(22, 'update_task_status', 'Update task status', NULL, NULL, '2025-01-12 08:53:02', '2025-01-12 08:53:02'),
(23, 'create_bugs', 'Create new bugs', NULL, NULL, '2025-01-12 08:53:02', '2025-01-12 08:53:02'),
(24, 'delete_bugs', 'Delete bugs', NULL, NULL, '2025-01-12 08:53:02', '2025-01-12 08:53:02'),
(25, 'view_bugs', 'View bug details', NULL, NULL, '2025-01-12 08:53:02', '2025-01-12 08:53:02'),
(26, 'approve_fixes', 'Approve bug fixes', NULL, NULL, '2025-01-12 08:53:02', '2025-01-12 08:53:02'),
(27, 'update_files', 'Update file details', NULL, NULL, '2025-01-12 08:53:02', '2025-01-12 08:53:02'),
(28, 'upload_files', 'Upload new files', NULL, NULL, '2025-01-12 08:53:02', '2025-01-12 08:53:02'),
(29, 'view_files', 'View and download files', NULL, NULL, '2025-01-12 08:53:02', '2025-01-12 08:53:02'),
(30, 'delete_files', 'Delete files', NULL, NULL, '2025-01-12 08:53:02', '2025-01-12 08:53:02'),
(31, 'create_payments', 'Create payment transactions', NULL, NULL, '2025-01-12 08:53:02', '2025-01-12 08:53:02'),
(32, 'update_payments', 'Update payment details', NULL, NULL, '2025-01-12 08:53:02', '2025-01-12 08:53:02'),
(33, 'delete_payments', 'Delete payments', NULL, NULL, '2025-01-12 08:53:02', '2025-01-12 08:53:02'),
(34, 'view_payments', 'View payment details', NULL, NULL, '2025-01-12 08:53:02', '2025-01-12 08:53:02');

--
-- Dumping data for table `PersonalTodos`
--

INSERT INTO `PersonalTodos` (`id`, `title`, `description`, `status`, `priority`, `dueDate`, `reminder`, `userId`, `repeatInterval`, `repeatUntil`, `labels`, `createdAt`, `updatedAt`) VALUES
(1, 'Refactor User Authentication Logic', 'Simplify the existing authentication flow for better maintainability.', 'pending', 'high', '2025-01-12 15:16:13', '2025-01-13 15:16:13', 1, 'none', NULL, '\"[\\\"backend\\\",\\\"auth\\\"]\"', '2025-01-12 15:16:13', '2025-01-12 15:16:13'),
(2, 'Implement Dark Mode Feature', 'Add dark mode toggle for better user experience.', 'in-progress', 'medium', '2025-01-12 15:16:13', '2025-01-14 15:16:13', 2, 'none', NULL, '\"[\\\"frontend\\\",\\\"UI\\\"]\"', '2025-01-12 15:16:13', '2025-01-12 15:16:13'),
(3, 'Optimize Database Queries', 'Identify slow queries and optimize them for faster response times.', 'pending', 'high', '2025-01-12 15:16:13', '2025-01-15 15:16:13', 3, 'none', NULL, '\"[\\\"backend\\\",\\\"database\\\"]\"', '2025-01-12 15:16:13', '2025-01-12 15:16:13'),
(4, 'Update Project Documentation', 'Ensure all new features are documented.', 'pending', 'low', '2025-01-12 15:16:13', '2025-01-16 15:16:13', 1, 'none', NULL, '\"[\\\"documentation\\\"]\"', '2025-01-12 15:16:13', '2025-01-12 15:16:13'),
(5, 'Set Up CI/CD Pipeline', 'Automate the build, test, and deployment process.', 'pending', 'high', '2025-01-12 15:16:13', '2025-01-17 15:16:13', 2, 'none', NULL, '\"[\\\"devops\\\"]\"', '2025-01-12 15:16:13', '2025-01-12 15:16:13'),
(6, 'Fix Memory Leak in Application', 'Investigate and resolve memory leak issues in the application.', 'pending', 'high', '2025-01-12 15:16:13', '2025-01-18 15:16:13', 3, 'none', NULL, '\"[\\\"backend\\\",\\\"performance\\\"]\"', '2025-01-12 15:16:13', '2025-01-12 15:16:13'),
(7, 'Design New Landing Page', 'Create a modern, responsive landing page for the product.', 'in-progress', 'medium', '2025-01-12 15:16:13', '2025-01-19 15:16:13', 1, 'none', NULL, '\"[\\\"frontend\\\",\\\"design\\\"]\"', '2025-01-12 15:16:13', '2025-01-12 15:16:13'),
(8, 'Add Unit Tests for API Endpoints', 'Ensure all critical API endpoints have unit tests.', 'pending', 'high', '2025-01-12 15:16:13', '2025-01-20 15:16:13', 2, 'none', NULL, '\"[\\\"testing\\\",\\\"backend\\\"]\"', '2025-01-12 15:16:13', '2025-01-12 15:16:13'),
(9, 'Integrate Third-Party Payment Gateway', 'Add support for a new third-party payment gateway.', 'pending', 'high', '2025-01-12 15:16:13', '2025-01-21 15:16:13', 3, 'none', NULL, '\"[\\\"backend\\\",\\\"payments\\\"]\"', '2025-01-12 15:16:13', '2025-01-12 15:16:13'),
(10, 'Improve SEO for the Application', 'Optimize the website for better search engine rankings.', 'in-progress', 'medium', '2025-01-12 15:16:13', '2025-01-22 15:16:13', 1, 'none', NULL, '\"[\\\"frontend\\\",\\\"SEO\\\"]\"', '2025-01-12 15:16:13', '2025-01-12 15:16:13'),
(11, 'Add Role-Based Access Control', 'Implement RBAC to restrict access to certain features based on roles.', 'pending', 'high', '2025-01-12 15:16:13', '2025-01-23 15:16:13', 2, 'none', NULL, '\"[\\\"backend\\\",\\\"security\\\"]\"', '2025-01-12 15:16:13', '2025-01-12 15:16:13'),
(13, 'Upgrade Dependencies', 'Update all project dependencies to their latest versions.', 'pending', 'medium', '2025-01-12 15:16:13', '2025-01-25 15:16:13', 1, 'none', NULL, '\"[\\\"maintenance\\\"]\"', '2025-01-12 15:16:13', '2025-01-12 15:16:13'),
(14, 'Conduct Code Review for Module X', 'Review the code for the new module to ensure it meets the quality standards.', 'in-progress', 'high', '2025-01-12 15:16:13', '2025-01-26 15:16:13', 2, 'none', NULL, '\"[\\\"code review\\\"]\"', '2025-01-12 15:16:13', '2025-01-12 15:16:13'),
(16, 'Implement Email Notifications', 'Add email notification system for user actions.', 'pending', 'high', '2025-01-12 15:16:13', '2025-01-28 15:16:13', 1, 'none', NULL, '\"[\\\"backend\\\",\\\"notifications\\\"]\"', '2025-01-12 15:16:13', '2025-01-12 15:16:13'),
(17, 'Fix UI Bugs on Mobile View', 'Resolve layout issues affecting the mobile view.', 'in-progress', 'medium', '2025-01-12 15:16:13', '2025-01-29 15:16:13', 2, 'none', NULL, '\"[\\\"frontend\\\",\\\"bugs\\\"]\"', '2025-01-12 15:16:13', '2025-01-12 15:16:13'),
(18, 'Set Up Error Monitoring', 'Integrate an error monitoring service for better issue tracking.', 'in-progress', 'high', '2025-01-12 15:16:13', '2025-01-30 15:16:13', 3, 'none', NULL, '\"[\\\"devops\\\",\\\"monitoring\\\"]\"', '2025-01-12 15:16:13', '2025-01-12 15:31:05'),
(19, 'Analyze User Feedback', 'Review user feedback and compile a report on common issues and requests.', 'pending', 'medium', '2025-01-12 15:16:13', '2025-01-31 15:16:13', 1, 'none', NULL, '\"[\\\"feedback\\\",\\\"analysis\\\"]\"', '2025-01-12 15:16:13', '2025-01-12 15:16:13'),
(20, 'Integrate New Analytics Tool', 'Add support for a new analytics tool for better insights.', 'pending', 'medium', '2025-01-12 15:16:13', '2025-02-01 15:16:13', 2, 'none', NULL, '\"[\\\"backend\\\",\\\"analytics\\\"]\"', '2025-01-12 15:16:13', '2025-01-12 15:16:13'),
(21, 'Go out for Protein shake', 'Dessy Cuppa', 'completed', 'high', '2025-01-12 00:00:00', NULL, 3, NULL, NULL, NULL, '2025-01-12 15:35:00', '2025-01-12 15:35:20');

--
-- Dumping data for table `RefreshTokens`
--

INSERT INTO `RefreshTokens` (`id`, `token`, `userId`, `expiryDate`, `createdAt`, `updatedAt`) VALUES
(1, 'FA76FC5D0C06', 1, '2025-01-12 14:18:18', '2025-01-12 13:48:18', '2025-01-12 13:48:18'),
(2, '3D9883FE2216', 1, '2025-01-12 14:20:02', '2025-01-12 13:50:02', '2025-01-12 13:50:02'),
(3, 'F77C445E9994', 1, '2025-01-12 14:20:24', '2025-01-12 13:50:24', '2025-01-12 13:50:24'),
(4, '982689F9DA96', 3, '2025-01-12 14:20:56', '2025-01-12 13:50:56', '2025-01-12 13:50:56'),
(5, '83A25CA2A3AE', 3, '2025-01-12 14:28:51', '2025-01-12 13:58:51', '2025-01-12 13:58:51'),
(6, 'B5FA9327C8A3', 3, '2025-01-12 14:29:38', '2025-01-12 13:59:38', '2025-01-12 13:59:38'),
(7, '28366EDA5FCE', 1, '2025-01-12 14:33:17', '2025-01-12 14:03:17', '2025-01-12 14:03:17'),
(8, 'A7ECC4EDFA6C', 1, '2025-01-12 15:44:16', '2025-01-12 15:14:16', '2025-01-12 15:14:16'),
(9, '2EC50DFAEE9E', 3, '2025-01-12 15:47:11', '2025-01-12 15:17:11', '2025-01-12 15:17:11');

--
-- Dumping data for table `RolePermissions`
--

INSERT INTO `RolePermissions` (`roleId`, `permissionId`, `createdAt`, `updatedAt`) VALUES
(1, 8, '2025-01-12 08:53:02', '2025-01-12 08:53:02'),
(1, 11, '2025-01-12 08:53:02', '2025-01-12 08:53:02'),
(1, 19, '2025-01-12 08:53:02', '2025-01-12 08:53:02'),
(1, 20, '2025-01-12 08:53:02', '2025-01-12 08:53:02'),
(1, 22, '2025-01-12 08:53:02', '2025-01-12 08:53:02'),
(1, 23, '2025-01-12 08:53:02', '2025-01-12 08:53:02'),
(1, 25, '2025-01-12 08:53:02', '2025-01-12 08:53:02'),
(1, 27, '2025-01-12 08:53:02', '2025-01-12 08:53:02'),
(1, 28, '2025-01-12 08:53:02', '2025-01-12 08:53:02'),
(1, 29, '2025-01-12 08:53:02', '2025-01-12 08:53:02'),
(2, 8, '2025-01-12 08:53:02', '2025-01-12 08:53:02'),
(2, 11, '2025-01-12 08:53:02', '2025-01-12 08:53:02'),
(2, 15, '2025-01-12 08:53:02', '2025-01-12 08:53:02'),
(2, 16, '2025-01-12 08:53:02', '2025-01-12 08:53:02'),
(2, 19, '2025-01-12 08:53:02', '2025-01-12 08:53:02'),
(2, 22, '2025-01-12 08:53:02', '2025-01-12 08:53:02'),
(2, 23, '2025-01-12 08:53:02', '2025-01-12 08:53:02'),
(2, 25, '2025-01-12 08:53:02', '2025-01-12 08:53:02'),
(2, 26, '2025-01-12 08:53:02', '2025-01-12 08:53:02'),
(2, 28, '2025-01-12 08:53:02', '2025-01-12 08:53:02'),
(2, 29, '2025-01-12 08:53:02', '2025-01-12 08:53:02'),
(2, 34, '2025-01-12 08:53:02', '2025-01-12 08:53:02'),
(3, 1, '2025-01-12 08:53:02', '2025-01-12 08:53:02'),
(3, 2, '2025-01-12 08:53:02', '2025-01-12 08:53:02'),
(3, 3, '2025-01-12 08:53:02', '2025-01-12 08:53:02'),
(3, 4, '2025-01-12 08:53:02', '2025-01-12 08:53:02'),
(3, 5, '2025-01-12 08:53:02', '2025-01-12 08:53:02'),
(3, 6, '2025-01-12 08:53:02', '2025-01-12 08:53:02'),
(3, 7, '2025-01-12 08:53:02', '2025-01-12 08:53:02'),
(3, 8, '2025-01-12 08:53:02', '2025-01-12 08:53:02'),
(3, 9, '2025-01-12 08:53:02', '2025-01-12 08:53:02'),
(3, 10, '2025-01-12 08:53:02', '2025-01-12 08:53:02'),
(3, 11, '2025-01-12 08:53:02', '2025-01-12 08:53:02'),
(3, 12, '2025-01-12 08:53:02', '2025-01-12 08:53:02'),
(3, 13, '2025-01-12 08:53:02', '2025-01-12 08:53:02'),
(3, 14, '2025-01-12 08:53:02', '2025-01-12 08:53:02'),
(3, 15, '2025-01-12 08:53:02', '2025-01-12 08:53:02'),
(3, 16, '2025-01-12 08:53:02', '2025-01-12 08:53:02'),
(3, 17, '2025-01-12 08:53:02', '2025-01-12 08:53:02'),
(3, 18, '2025-01-12 08:53:02', '2025-01-12 08:53:02'),
(3, 19, '2025-01-12 08:53:02', '2025-01-12 08:53:02'),
(3, 20, '2025-01-12 08:53:02', '2025-01-12 08:53:02'),
(3, 21, '2025-01-12 08:53:02', '2025-01-12 08:53:02'),
(3, 22, '2025-01-12 08:53:02', '2025-01-12 08:53:02'),
(3, 23, '2025-01-12 08:53:02', '2025-01-12 08:53:02'),
(3, 24, '2025-01-12 08:53:02', '2025-01-12 08:53:02'),
(3, 25, '2025-01-12 08:53:02', '2025-01-12 08:53:02'),
(3, 26, '2025-01-12 08:53:02', '2025-01-12 08:53:02'),
(3, 27, '2025-01-12 08:53:02', '2025-01-12 08:53:02'),
(3, 28, '2025-01-12 08:53:02', '2025-01-12 08:53:02'),
(3, 29, '2025-01-12 08:53:02', '2025-01-12 08:53:02'),
(3, 30, '2025-01-12 08:53:02', '2025-01-12 08:53:02'),
(3, 31, '2025-01-12 08:53:02', '2025-01-12 08:53:02'),
(3, 32, '2025-01-12 08:53:02', '2025-01-12 08:53:02'),
(3, 33, '2025-01-12 08:53:02', '2025-01-12 08:53:02'),
(3, 34, '2025-01-12 08:53:02', '2025-01-12 08:53:02'),
(4, 4, '2025-01-12 08:53:02', '2025-01-12 08:53:02'),
(4, 8, '2025-01-12 08:53:02', '2025-01-12 08:53:02'),
(4, 11, '2025-01-12 08:53:02', '2025-01-12 08:53:02'),
(4, 14, '2025-01-12 08:53:02', '2025-01-12 08:53:02'),
(4, 15, '2025-01-12 08:53:02', '2025-01-12 08:53:02'),
(4, 16, '2025-01-12 08:53:02', '2025-01-12 08:53:02'),
(4, 17, '2025-01-12 08:53:02', '2025-01-12 08:53:02'),
(4, 18, '2025-01-12 08:53:02', '2025-01-12 08:53:02'),
(4, 19, '2025-01-12 08:53:02', '2025-01-12 08:53:02'),
(4, 20, '2025-01-12 08:53:02', '2025-01-12 08:53:02'),
(4, 21, '2025-01-12 08:53:02', '2025-01-12 08:53:02'),
(4, 22, '2025-01-12 08:53:02', '2025-01-12 08:53:02'),
(4, 23, '2025-01-12 08:53:02', '2025-01-12 08:53:02'),
(4, 24, '2025-01-12 08:53:02', '2025-01-12 08:53:02'),
(4, 25, '2025-01-12 08:53:02', '2025-01-12 08:53:02'),
(4, 27, '2025-01-12 08:53:02', '2025-01-12 08:53:02'),
(4, 28, '2025-01-12 08:53:02', '2025-01-12 08:53:02'),
(4, 29, '2025-01-12 08:53:02', '2025-01-12 08:53:02'),
(4, 30, '2025-01-12 08:53:02', '2025-01-12 08:53:02'),
(5, 4, '2025-01-12 08:53:02', '2025-01-12 08:53:02'),
(5, 5, '2025-01-12 08:53:02', '2025-01-12 08:53:02'),
(5, 6, '2025-01-12 08:53:02', '2025-01-12 08:53:02'),
(5, 7, '2025-01-12 08:53:02', '2025-01-12 08:53:02'),
(5, 8, '2025-01-12 08:53:02', '2025-01-12 08:53:02'),
(5, 9, '2025-01-12 08:53:02', '2025-01-12 08:53:02'),
(5, 10, '2025-01-12 08:53:02', '2025-01-12 08:53:02'),
(5, 11, '2025-01-12 08:53:02', '2025-01-12 08:53:02'),
(5, 12, '2025-01-12 08:53:02', '2025-01-12 08:53:02'),
(5, 13, '2025-01-12 08:53:02', '2025-01-12 08:53:02'),
(5, 14, '2025-01-12 08:53:02', '2025-01-12 08:53:02'),
(5, 15, '2025-01-12 08:53:02', '2025-01-12 08:53:02'),
(5, 16, '2025-01-12 08:53:02', '2025-01-12 08:53:02'),
(5, 17, '2025-01-12 08:53:02', '2025-01-12 08:53:02'),
(5, 18, '2025-01-12 08:53:02', '2025-01-12 08:53:02'),
(5, 19, '2025-01-12 08:53:02', '2025-01-12 08:53:02'),
(5, 20, '2025-01-12 08:53:02', '2025-01-12 08:53:02'),
(5, 21, '2025-01-12 08:53:02', '2025-01-12 08:53:02'),
(5, 22, '2025-01-12 08:53:02', '2025-01-12 08:53:02'),
(5, 23, '2025-01-12 08:53:02', '2025-01-12 08:53:02'),
(5, 24, '2025-01-12 08:53:02', '2025-01-12 08:53:02'),
(5, 25, '2025-01-12 08:53:02', '2025-01-12 08:53:02'),
(5, 26, '2025-01-12 08:53:02', '2025-01-12 08:53:02'),
(5, 27, '2025-01-12 08:53:02', '2025-01-12 08:53:02'),
(5, 28, '2025-01-12 08:53:02', '2025-01-12 08:53:02'),
(5, 29, '2025-01-12 08:53:02', '2025-01-12 08:53:02'),
(5, 30, '2025-01-12 08:53:02', '2025-01-12 08:53:02'),
(5, 34, '2025-01-12 08:53:02', '2025-01-12 08:53:02'),
(6, 8, '2025-01-12 08:53:02', '2025-01-12 08:53:02'),
(6, 11, '2025-01-12 08:53:02', '2025-01-12 08:53:02'),
(6, 19, '2025-01-12 08:53:02', '2025-01-12 08:53:02'),
(6, 22, '2025-01-12 08:53:02', '2025-01-12 08:53:02'),
(6, 23, '2025-01-12 08:53:02', '2025-01-12 08:53:02'),
(6, 25, '2025-01-12 08:53:02', '2025-01-12 08:53:02'),
(6, 28, '2025-01-12 08:53:02', '2025-01-12 08:53:02'),
(6, 29, '2025-01-12 08:53:02', '2025-01-12 08:53:02');

--
-- Dumping data for table `Roles`
--

INSERT INTO `Roles` (`id`, `name`, `description`, `isActive`, `createdAt`, `updatedAt`) VALUES
(1, 'freelancer', NULL, 1, '2025-01-12 08:53:02', '2025-01-12 08:53:02'),
(2, 'client', NULL, 1, '2025-01-12 08:53:02', '2025-01-12 08:53:02'),
(3, 'admin', NULL, 1, '2025-01-12 08:53:02', '2025-01-12 08:53:02'),
(4, 'TeamLead', NULL, 1, '2025-01-12 08:53:02', '2025-01-12 08:53:02'),
(5, 'ProjectManager', NULL, 1, '2025-01-12 08:53:02', '2025-01-12 08:53:02'),
(6, 'TeamMember', NULL, 1, '2025-01-12 08:53:02', '2025-01-12 08:53:02');

--
-- Dumping data for table `UserRoles`
--

INSERT INTO `UserRoles` (`userId`, `roleId`, `createdAt`, `updatedAt`) VALUES
(1, 2, '2025-01-12 08:56:13', '2025-01-12 08:56:13'),
(2, 3, '2025-01-12 08:56:13', '2025-01-12 08:56:13'),
(3, 2, '2025-01-12 09:46:56', '2025-01-12 09:46:56'),
(4, 2, '2025-01-12 09:48:07', '2025-01-12 09:48:07');

--
-- Dumping data for table `Users`
--

INSERT INTO `Users` (`id`, `name`, `email`, `password`, `status`, `lastLogin`, `createdAt`, `updatedAt`) VALUES
(1, 'Vasudev Darse Shikari', 'vasudevds@projexpert.com', '$2b$10$6nmpqV2pxPjI4ES3zPAB0.B9.W98/ujtRMhbjctes8ZmmAYTZk9IG', 'active', '2025-01-12 15:14:16', '2025-01-12 08:56:13', '2025-01-12 15:14:16'),
(2, 'Vasudev Darse Shikari - Admin', 'admin@projexpert.com', '$2b$10$6nmpqV2pxPjI4ES3zPAB0.B9.W98/ujtRMhbjctes8ZmmAYTZk9IG', 'active', '2025-01-12 08:56:13', '2025-01-12 08:56:13', '2025-01-12 08:56:13'),
(3, 'Chetan', 'chetan@projexpert.com', '$2b$10$yw2lmGOk0jwxJ23/DFaeOeP9FinuprIdzUgkXLWYSPwnDhfs0ve7K', 'active', '2025-01-12 15:17:11', '2025-01-12 09:46:56', '2025-01-12 15:17:11'),
(4, 'Prashanth', 'prashanth@projexpert.com', '$2b$10$6PCQo.Jd/NyPuPAikrY9yO5YQOENnYX.wZjLRAviL9tcGJq4bOMni', 'active', '2025-01-12 09:48:07', '2025-01-12 09:48:07', '2025-01-12 09:48:07');
COMMIT;

/*!40101 SET CHARACTER_SET_CLIENT=@OLD_CHARACTER_SET_CLIENT */;
/*!40101 SET CHARACTER_SET_RESULTS=@OLD_CHARACTER_SET_RESULTS */;
/*!40101 SET COLLATION_CONNECTION=@OLD_COLLATION_CONNECTION */;
